time_s,ax,ay,az,gx,gy,gz,mx,my,mz
0.001899,1.004828,0.569146,9.538736,-0.122070,0.000000,0.122070,-1.209585,-10.939505,-73.311852
0.021593,0.866466,0.584956,9.790292,0.000000,0.061035,-0.183105,-2.611194,-9.094753,-71.474400
0.041283,0.825637,0.616575,9.912671,0.122070,0.671387,0.122070,-2.143991,-8.633566,-70.096311
0.059948,0.907294,0.609800,9.837884,-0.122070,-0.549316,-0.061035,-3.545601,-9.555941,-71.015037
0.079965,0.891416,0.652712,9.785760,0.000000,0.122070,0.061035,-3.311999,-9.325347,-73.082170
0.100521,0.914099,0.607541,9.840150,0.061035,0.244141,-0.122070,-0.742382,-7.711190,-73.771215
0.120268,0.891416,0.553337,9.840150,-0.122070,-0.366211,-0.244141,-3.078397,-9.555941,-73.311852
0.140427,0.880075,0.593990,9.806156,0.122070,0.000000,-0.183105,-3.545601,-10.478317,-73.311852
0.161270,0.914099,0.630126,9.846949,0.000000,0.000000,-0.122070,-4.246405,-8.402972,-71.704081
0.180618,0.936781,0.596249,9.849215,0.061035,-0.061035,-0.122070,-4.246405,-9.325347,-72.163444
0.200464,0.891416,0.616575,9.747233,-0.122070,-0.183105,-0.122070,-3.311999,-8.864160,-74.000896
0.221287,0.875539,0.589473,9.840150,-0.183105,0.122070,-0.122070,-2.844796,-10.247723,-74.460259
0.241182,0.916367,0.591732,9.756298,0.000000,0.061035,0.000000,-4.246405,-8.402972,-73.082170
0.261353,0.895953,0.589473,9.828819,-0.122070,0.000000,0.000000,-4.713608,-10.247723,-72.622807
0.281601,0.900489,0.580439,9.808422,-0.061035,0.000000,0.122070,-0.742382,-9.555941,-73.311852
0.302286,0.895953,0.612058,9.808422,-0.061035,0.183105,-0.183105,-1.910390,-9.325347,-71.704081
0.322893,0.911830,0.587215,9.833351,-0.122070,0.122070,-0.122070,-2.611194,-9.555941,-73.311852
0.343506,0.905026,0.562371,9.790292,-0.122070,-0.061035,-0.061035,-3.078397,-9.555941,-72.852489
0.364181,0.855125,0.589473,9.876411,-0.061035,-0.061035,-0.061035,-2.143991,-9.094753,-71.933763
0.384418,0.864197,0.639161,9.808422,-0.183105,0.122070,-0.061035,-2.611194,-9.094753,-72.393126
0.405113,0.893685,0.553337,9.822020,-0.061035,-0.061035,-0.183105,-3.078397,-10.478317,-71.933763
0.425821,0.871002,0.589473,9.778961,0.000000,0.122070,-0.183105,-1.910390,-9.786535,-73.082170
0.446403,0.920903,0.627868,9.860547,0.000000,0.122070,0.061035,-4.012804,-8.172378,-72.393126
0.466902,0.880075,0.600766,9.797091,-0.183105,-0.061035,-0.061035,-4.246405,-9.786535,-73.541533
0.487556,0.941317,0.596249,9.826553,-0.061035,-0.061035,0.183105,-3.078397,-8.633566,-74.230578
0.508184,0.889148,0.636902,9.817487,-0.061035,0.000000,-0.183105,-1.209585,-12.323068,-72.393126
0.528436,0.907294,0.593990,9.819754,0.000000,0.061035,0.000000,-2.611194,-8.633566,-71.933763
0.548801,0.864197,0.605283,9.851482,-0.122070,0.061035,-0.244141,-3.545601,-9.094753,-71.933763
0.569135,0.877807,0.598507,9.810689,-0.061035,0.000000,-0.183105,-3.545601,-11.400692,-73.771215
0.589933,0.861929,0.614317,9.783493,0.000000,0.183105,-0.061035,-1.910390,-7.941784,-74.000896
0.610575,0.871002,0.614317,9.842416,-0.061035,0.000000,-0.183105,-2.844796,-11.170099,-72.622807
0.631203,0.898221,0.609800,9.774428,0.000000,0.000000,-0.122070,-2.377593,-9.786535,-72.163444
0.652121,0.916367,0.598507,9.858280,-0.122070,0.000000,-0.183105,-3.311999,-8.402972,-72.622807
0.672186,0.895953,0.600766,9.799357,-0.061035,0.000000,-0.122070,-3.311999,-8.402972,-72.622807
0.692354,0.905026,0.591732,9.792559,-0.122070,0.000000,-0.183105,-1.443187,-9.786535,-71.704081
0.713008,0.880075,0.630126,9.828819,0.061035,-0.061035,0.061035,-3.078397,-8.172378,-71.933763
0.733660,0.907294,0.596249,9.826553,-0.122070,0.000000,-0.183105,-2.377593,-10.247723,-73.082170
0.754220,0.868734,0.587215,9.833351,0.000000,0.000000,-0.183105,-4.947210,-9.555941,-71.474400
0.772369,0.914099,0.625609,9.862813,-0.061035,0.244141,-0.183105,-2.844796,-8.864160,-72.163444
0.792978,0.918635,0.627868,9.788026,-0.122070,0.000000,0.061035,-2.377593,-9.786535,-74.000896
0.813633,0.914099,0.598507,9.806156,-0.244141,0.061035,0.000000,-3.311999,-8.402972,-73.541533
0.834169,0.871002,0.609800,9.860547,0.000000,-0.061035,-0.061035,-1.910390,-9.786535,-74.919622
0.854295,0.929976,0.562371,9.769896,-0.122070,0.000000,-0.183105,-3.078397,-7.711190,-72.393126
0.874858,0.886880,0.566888,9.799357,-0.061035,0.122070,0.000000,-1.676788,-9.094753,-73.311852
0.895478,0.905026,0.553337,9.817487,0.000000,0.122070,0.183105,-3.545601,-9.094753,-72.393126
0.916006,0.866466,0.621092,9.824286,-0.244141,0.061035,-0.061035,-3.311999,-8.402972,-72.622807
0.936758,0.893685,0.616575,9.790292,-0.122070,-0.122070,-0.305176,-2.377593,-8.402972,-73.541533
0.957099,0.877807,0.591732,9.837884,-0.122070,-0.061035,-0.061035,-4.480007,-9.094753,-74.230578
0.977621,0.884612,0.584956,9.826553,-0.122070,0.061035,0.000000,-2.377593,-8.864160,-74.000896
0.998242,0.905026,0.625609,9.826553,-0.122070,0.000000,0.000000,-4.480007,-11.400692,-72.393126
1.018609,0.920903,0.618834,9.856014,-0.061035,0.000000,-0.305176,-3.545601,-9.094753,-72.852489
1.039394,0.873270,0.603024,9.803890,-0.183105,0.000000,-0.061035,-2.611194,-10.939505,-72.393126
1.060241,0.907294,0.603024,9.860547,-0.061035,0.061035,-0.061035,-4.012804,-10.478317,-72.393126
1.080987,0.866466,0.630126,9.822020,0.122070,-0.183105,-0.061035,-2.844796,-8.402972,-74.460259
1.101583,0.889148,0.623351,9.808422,-0.061035,0.061035,-0.183105,-2.143991,-8.633566,-73.311852
1.120806,0.891416,0.614317,9.808422,-0.183105,0.061035,-0.061035,-3.311999,-8.864160,-72.622807
1.140540,0.866466,0.630126,9.887742,-0.061035,0.000000,-0.244141,-1.910390,-9.786535,-74.000896
1.160301,0.891416,0.607541,9.776695,-0.244141,-0.061035,0.000000,-2.611194,-7.250002,-74.230578
1.181188,0.893685,0.591732,9.792559,-0.122070,-0.061035,-0.305176,-2.377593,-8.402972,-72.622807
1.201061,0.909562,0.596249,9.828819,-0.122070,0.000000,0.122070,-4.012804,-8.633566,-74.230578
1.221644,0.898221,0.596249,9.842416,-0.183105,-0.061035,-0.122070,-2.611194,-9.555941,-74.230578
1.242391,0.830174,0.598507,9.776695,-0.061035,0.000000,-0.183105,-1.443187,-7.941784,-73.082170
1.263041,0.891416,0.575922,9.853748,-0.244141,-0.061035,0.000000,-3.078397,-7.250002,-74.689941
1.283708,0.877807,0.632385,9.797091,-0.122070,0.000000,-0.061035,-1.209585,-9.555941,-72.393126
1.304169,0.891416,0.584956,9.837884,-0.061035,-0.061035,0.061035,-1.910390,-7.941784,-73.541533
1.324814,0.873270,0.603024,9.831085,-0.061035,0.061035,-0.061035,-2.611194,-9.094753,-74.230578
1.345209,0.902757,0.589473,9.851482,-0.244141,-0.122070,-0.183105,-1.676788,-9.555941,-73.311852
1.365639,0.886880,0.591732,9.885476,0.000000,-0.122070,0.122070,-2.377593,-10.247723,-71.704081
1.386286,0.871002,0.598507,9.858280,-0.061035,-0.122070,-0.061035,-3.078397,-9.094753,-73.311852
1.406704,0.882343,0.573664,9.831085,-0.183105,-0.183105,-0.122070,-3.311999,-8.402972,-71.704081
1.426933,0.884612,0.609800,9.790292,0.000000,0.000000,-0.061035,-2.844796,-8.864160,-73.082170
1.447041,0.895953,0.605283,9.869612,-0.244141,-0.122070,0.122070,-3.779202,-8.864160,-72.622807
1.467264,0.880075,0.614317,9.887742,-0.122070,-0.183105,0.061035,-2.143991,-8.172378,-73.311852
1.486986,0.907294,0.607541,9.840150,0.061035,-0.061035,-0.183105,-3.545601,-9.094753,-73.771215
1.507223,0.861929,0.584956,9.835618,-0.122070,0.000000,-0.061035,-3.545601,-9.555941,-73.771215
1.526950,0.889148,0.621092,9.765363,-0.061035,0.000000,-0.061035,-1.910390,-9.325347,-74.919622
1.547106,0.871002,0.621092,9.744967,0.000000,0.061035,0.061035,-2.611194,-8.172378,-71.474400
1.567268,0.880075,0.571405,9.790292,-0.122070,0.061035,-0.122070,-2.143991,-10.017129,-72.393126
1.587035,0.871002,0.614317,9.797091,-0.061035,-0.061035,-0.183105,-1.910390,-7.019408,-72.163444
1.607246,0.866466,0.607541,9.799357,-0.122070,0.000000,0.061035,-0.975984,-9.325347,-71.704081
1.627544,0.907294,0.593990,9.797091,-0.122070,-0.122070,-0.183105,-0.742382,-8.172378,-72.852489
1.647869,0.929976,0.591732,9.837884,0.061035,-0.061035,-0.061035,-1.910390,-8.864160,-73.541533
1.668157,0.877807,0.562371,9.801624,0.000000,0.061035,-0.122070,-2.143991,-9.555941,-73.311852
1.688451,0.907294,0.616575,9.772162,0.122070,-0.061035,0.000000,-2.844796,-7.941784,-74.000896
1.709277,0.877807,0.639161,9.799357,-0.122070,0.061035,-0.061035,-2.143991,-10.478317,-72.393126
1.729540,0.886880,0.589473,9.837884,-0.183105,0.061035,0.061035,-4.713608,-10.247723,-73.541533
1.749873,0.873270,0.632385,9.815221,0.061035,-0.061035,-0.061035,-2.611194,-9.094753,-74.230578
1.770484,0.905026,0.593990,9.797091,-0.122070,-0.122070,-0.183105,-2.143991,-9.555941,-73.311852
1.790686,0.886880,0.598507,9.822020,0.000000,-0.122070,-0.183105,-1.443187,-10.708911,-74.460259
1.811064,0.882343,0.600766,9.819754,-0.183105,-0.061035,-0.122070,-2.377593,-8.864160,-71.244718
1.831282,0.905026,0.571405,9.831085,0.061035,0.061035,-0.061035,-0.275179,-9.094753,-71.933763
1.851012,0.902757,0.630126,9.815221,-0.183105,0.000000,-0.366211,-3.078397,-8.172378,-73.771215
1.871187,0.929976,0.621092,9.817487,0.061035,0.061035,0.000000,-2.844796,-9.786535,-73.082170
1.891282,0.916367,0.607541,9.844683,-0.122070,0.122070,0.000000,-2.611194,-9.555941,-72.393126
1.911011,0.882343,0.614317,9.822020,-0.183105,0.000000,0.000000,-3.545601,-9.094753,-72.393126
1.931078,0.900489,0.569146,9.778961,-0.061035,-0.122070,-0.122070,-0.975984,-10.247723,-72.622807
1.951219,0.884612,0.573664,9.806156,0.000000,-0.122070,-0.122070,-1.910390,-8.864160,-72.622807
1.971472,0.875539,0.582698,9.785760,-0.122070,-0.061035,-0.183105,-3.311999,-9.786535,-74.000896
1.991961,0.861929,0.605283,9.840150,-0.122070,-0.122070,-0.061035,-0.275179,-9.094753,-71.933763
2.012176,0.889148,0.630126,9.862813,-0.122070,-0.122070,-0.122070,-1.676788,-8.633566,-71.474400
2.032891,0.895953,0.587215,9.758564,0.000000,-0.183105,-0.122070,-1.209585,-9.094753,-74.230578
2.053197,0.898221,0.593990,9.788026,-0.061035,-0.061035,0.061035,-3.311999,-7.941784,-74.000896
2.073801,0.861929,0.623351,9.840150,-0.122070,0.061035,-0.122070,-2.377593,-7.941784,-71.704081
2.094621,0.886880,0.643678,9.831085,0.000000,0.000000,0.061035,-0.508781,-8.402972,-72.163444
2.115084,0.884612,0.598507,9.826553,-0.244141,0.061035,-0.183105,-0.742382,-9.555941,-72.393126
2.135279,0.889148,0.589473,9.810689,-0.061035,0.000000,-0.183105,-3.311999,-7.941784,-74.460259
2.156285,0.886880,0.614317,9.856014,-0.183105,-0.061035,0.061035,0.425626,-9.786535,-74.000896
2.177068,0.848320,0.603024,9.837884,-0.061035,0.183105,-0.122070,-0.742382,-9.555941,-73.771215
2.197598,0.900489,0.632385,9.801624,0.000000,-0.122070,-0.305176,-3.311999,-10.247723,-72.163444
2.218142,0.871002,0.593990,9.810689,-0.061035,0.061035,-0.122070,-1.443187,-7.941784,-73.541533
2.238595,0.859661,0.598507,9.794825,-0.183105,0.000000,-0.183105,-3.311999,-7.941784,-73.541533
2.259144,0.895953,0.630126,9.856014,0.061035,0.183105,0.000000,-2.844796,-11.170099,-72.622807
2.279218,0.868734,0.591732,9.817487,-0.122070,0.061035,-0.305176,-3.779202,-7.941784,-72.622807
2.299081,0.898221,0.598507,9.792559,0.000000,-0.122070,-0.122070,-1.443187,-8.402972,-72.163444
2.318852,0.871002,0.630126,9.783493,-0.122070,0.122070,0.000000,-2.143991,-10.478317,-71.933763
2.339283,0.893685,0.623351,9.885476,-0.244141,0.000000,-0.183105,-4.012804,-9.555941,-71.015037
2.359405,0.880075,0.612058,9.817487,-0.122070,0.122070,-0.122070,-3.311999,-10.708911,-74.919622
2.379824,0.875539,0.587215,9.812955,-0.122070,-0.061035,-0.061035,-1.443187,-10.247723,-73.082170
2.400109,0.864197,0.609800,9.772162,-0.061035,0.000000,0.000000,-3.078397,-7.250002,-72.852489
2.420037,0.866466,0.596249,9.876411,-0.183105,0.122070,0.061035,-1.676788,-9.094753,-74.689941
2.439876,0.891416,0.616575,9.817487,-0.122070,-0.122070,0.122070,-2.143991,-9.094753,-74.689941
2.459730,0.877807,0.605283,9.833351,-0.122070,0.122070,-0.061035,-3.779202,-7.941784,-72.622807
2.479787,0.861929,0.578181,9.858280,-0.061035,0.061035,-0.183105,-3.078397,-8.172378,-71.933763
2.500231,0.891416,0.618834,9.788026,0.000000,0.000000,0.000000,-2.377593,-8.402972,-72.163444
2.520053,0.873270,0.614317,9.833351,-0.122070,0.122070,-0.244141,-0.742382,-9.094753,-72.852489
2.540515,0.875539,0.603024,9.799357,-0.122070,-0.183105,0.061035,-3.545601,-9.555941,-73.311852
2.560788,0.889148,0.571405,9.822020,0.000000,0.000000,-0.061035,-2.143991,-9.555941,-73.311852
2.580328,0.882343,0.612058,9.846949,-0.244141,-0.061035,-0.183105,-2.143991,-8.633566,-74.230578
2.600743,0.895953,0.605283,9.833351,0.000000,0.244141,-0.061035,-1.443187,-8.864160,-72.622807
2.621294,0.877807,0.598507,9.778961,0.000000,0.000000,-0.183105,-3.311999,-8.864160,-73.082170
2.640923,0.848320,0.609800,9.828819,-0.061035,0.183105,-0.183105,-2.143991,-9.094753,-74.230578
2.660590,0.900489,0.589473,9.781227,0.000000,0.000000,-0.183105,-1.209585,-7.711190,-73.311852
2.679966,0.873270,0.607541,9.810689,-0.061035,0.000000,0.000000,-2.377593,-8.864160,-74.000896
2.700261,0.895953,0.625609,9.835618,-0.122070,0.122070,0.061035,-2.143991,-8.633566,-72.393126
2.720526,0.927708,0.591732,9.788026,-0.122070,0.061035,-0.183105,-1.910390,-9.786535,-71.704081
2.740561,0.914099,0.607541,9.812955,-0.183105,0.183105,-0.061035,-5.414413,-10.939505,-73.311852
2.760782,0.855125,0.598507,9.765363,0.000000,0.000000,-0.183105,-3.311999,-7.941784,-74.460259
2.780880,0.880075,0.605283,9.769896,0.061035,0.000000,-0.183105,-1.209585,-9.094753,-74.689941
2.800766,0.909562,0.621092,9.842416,-0.061035,-0.061035,0.000000,-2.143991,-10.017129,-73.311852
2.820780,0.893685,0.605283,9.869612,0.000000,0.061035,-0.122070,-3.078397,-10.017129,-73.771215
2.839851,0.880075,0.616575,9.754032,-0.244141,0.183105,-0.061035,-2.611194,-8.172378,-73.311852
2.860304,0.877807,0.596249,9.788026,-0.061035,0.061035,0.000000,-4.947210,-9.094753,-70.555674
2.880621,0.877807,0.566888,9.806156,-0.061035,-0.061035,0.000000,-0.975984,-7.941784,-73.541533
2.900715,0.939049,0.603024,9.783493,0.061035,0.061035,-0.122070,-3.779202,-9.325347,-72.622807
2.920899,0.841515,0.630126,9.803890,0.061035,-0.061035,-0.061035,-0.975984,-9.786535,-73.541533
2.940734,0.893685,0.607541,9.797091,0.000000,-0.122070,-0.183105,-0.275179,-8.633566,-72.852489
2.960858,0.889148,0.630126,9.846949,-0.061035,0.000000,-0.183105,-1.443187,-9.786535,-72.622807
2.981260,0.905026,0.584956,9.837884,-0.122070,0.061035,-0.122070,-1.676788,-9.555941,-73.771215
2.999986,0.923172,0.632385,9.890008,0.000000,-0.061035,-0.122070,-1.676788,-8.172378,-72.852489
3.019990,0.898221,0.609800,9.835618,-0.122070,0.000000,0.122070,-2.143991,-8.172378,-72.852489
3.040198,0.898221,0.596249,9.792559,-0.183105,-0.061035,-0.244141,-2.611194,-8.172378,-73.771215
3.060236,0.909562,0.618834,9.824286,-0.244141,-0.061035,-0.305176,-1.910390,-9.786535,-73.541533
3.080052,0.880075,0.607541,9.842416,0.000000,0.061035,0.000000,-1.676788,-9.555941,-72.393126
3.099167,0.882343,0.623351,9.790292,-0.061035,-0.122070,-0.061035,-2.844796,-10.708911,-72.622807
3.119067,0.882343,0.580439,9.851482,-0.122070,0.000000,-0.122070,-3.311999,-9.325347,-72.622807
3.139017,0.884612,0.621092,9.785760,-0.244141,0.000000,-0.244141,-1.443187,-8.864160,-71.244718
3.158634,0.891416,0.630126,9.812955,-0.061035,-0.061035,-0.244141,-2.611194,-9.094753,-71.933763
3.178733,0.893685,0.645936,9.865079,-0.061035,0.000000,0.000000,-3.078397,-10.478317,-71.933763
3.199038,0.884612,0.589473,9.794825,-0.122070,0.061035,-0.122070,-3.078397,-8.172378,-71.474400
3.219029,0.877807,0.650453,9.790292,-0.061035,-0.122070,-0.061035,-2.844796,-9.325347,-74.460259
3.238691,0.909562,0.634643,9.833351,-0.183105,0.305176,-0.061035,-4.480007,-9.555941,-71.474400
3.258765,0.898221,0.571405,9.856014,-0.183105,-0.061035,-0.122070,-1.676788,-9.555941,-73.771215
3.279047,0.877807,0.614317,9.806156,0.000000,-0.122070,-0.122070,-1.910390,-10.247723,-73.082170
3.299050,0.886880,0.614317,9.794825,-0.061035,0.122070,0.000000,-1.443187,-8.864160,-72.622807
3.318692,0.857393,0.625609,9.778961,0.000000,0.061035,0.000000,-0.742382,-10.017129,-74.230578
3.338751,0.880075,0.618834,9.763097,-0.061035,0.000000,0.122070,-2.377593,-9.786535,-73.082170
3.359052,0.873270,0.630126,9.792559,-0.183105,0.000000,0.061035,-4.947210,-8.633566,-72.852489
3.379052,0.920903,0.587215,9.808422,0.122070,0.061035,-0.122070,-2.844796,-9.786535,-72.622807
3.398948,0.866466,0.593990,9.803890,0.122070,0.000000,0.000000,-2.611194,-8.633566,-72.393126
3.418843,0.880075,0.609800,9.860547,-0.122070,-0.061035,0.122070,-2.377593,-9.786535,-73.082170
3.438707,0.864197,0.609800,9.828819,-0.061035,0.122070,-0.183105,0.192024,-9.555941,-72.852489
3.458846,0.843783,0.603024,9.835618,-0.183105,-0.061035,-0.061035,-3.078397,-10.017129,-72.852489
3.478067,0.882343,0.605283,9.794825,-0.122070,0.061035,-0.061035,-1.443187,-7.941784,-70.785355
3.498092,0.836979,0.582698,9.803890,-0.061035,0.061035,-0.122070,-2.611194,-8.172378,-71.933763
3.518425,0.882343,0.589473,9.819754,-0.183105,0.000000,0.000000,-1.443187,-8.864160,-72.163444
3.538409,0.900489,0.627868,9.815221,-0.122070,-0.061035,0.000000,-3.078397,-8.633566,-72.852489
3.557711,0.893685,0.587215,9.778961,0.000000,-0.061035,-0.244141,-1.209585,-10.478317,-72.852489
3.578192,0.877807,0.632385,9.819754,-0.183105,0.122070,0.183105,-1.676788,-10.478317,-74.689941
3.598353,0.848320,0.580439,9.828819,0.061035,0.061035,-0.061035,-3.078397,-9.555941,-72.393126
3.618470,0.861929,0.621092,9.808422,-0.183105,0.183105,0.000000,-2.611194,-10.939505,-72.393126
3.637832,0.895953,0.641419,9.788026,-0.122070,0.000000,-0.244141,-3.078397,-9.094753,-72.393126
3.658201,0.864197,0.612058,9.785760,0.061035,0.000000,-0.244141,-3.078397,-10.478317,-73.771215
3.678219,0.884612,0.600766,9.785760,-0.061035,0.000000,-0.061035,-2.143991,-9.555941,-74.689941
3.698546,0.875539,0.596249,9.815221,-0.122070,0.000000,-0.305176,-1.676788,-8.633566,-73.311852
3.718677,0.864197,0.605283,9.824286,-0.061035,0.000000,0.122070,-1.676788,-10.939505,-72.852489
3.739472,0.907294,0.621092,9.769896,-0.183105,-0.061035,0.000000,-2.377593,-9.786535,-72.622807
3.759914,0.905026,0.557854,9.774428,-0.061035,-0.122070,-0.061035,-3.311999,-8.864160,-73.082170
3.780109,0.907294,0.603024,9.831085,-0.061035,0.061035,-0.061035,-0.041578,-8.864160,-72.163444
3.800643,0.877807,0.612058,9.812955,-0.244141,-0.122070,0.000000,-2.143991,-10.017129,-72.393126
3.820486,0.895953,0.593990,9.860547,-0.122070,-0.122070,-0.183105,-1.676788,-7.711190,-74.689941
3.840966,0.916367,0.634643,9.797091,-0.061035,-0.061035,-0.061035,-5.648014,-9.325347,-70.325992
3.861283,0.891416,0.596249,9.797091,0.000000,-0.244141,-0.061035,-4.012804,-10.017129,-73.771215
3.881328,0.886880,0.636902,9.831085,-0.061035,0.061035,0.000000,-2.611194,-9.555941,-72.852489
3.901146,0.877807,0.623351,9.840150,0.000000,0.000000,0.000000,-3.311999,-7.941784,-72.622807
3.921648,0.914099,0.625609,9.815221,0.061035,0.000000,-0.183105,-1.443187,-8.864160,-73.082170
3.942085,0.882343,0.593990,9.799357,-0.061035,0.122070,0.061035,-2.143991,-8.633566,-72.852489
3.962182,0.855125,0.627868,9.833351,-0.061035,-0.061035,-0.244141,-3.779202,-8.864160,-74.000896
3.982370,0.884612,0.600766,9.858280,0.000000,-0.061035,-0.183105,-3.311999,-7.019408,-74.000896
4.002355,0.905026,0.598507,9.801624,-0.122070,0.061035,0.061035,-0.742382,-9.094753,-72.393126
4.022782,0.900489,0.614317,9.822020,0.061035,-0.061035,-0.061035,-1.443187,-9.786535,-73.082170
4.042959,0.880075,0.571405,9.810689,0.000000,-0.061035,0.122070,-1.676788,-10.478317,-75.608667
4.062994,0.893685,0.598507,9.822020,0.000000,-0.061035,-0.244141,-3.545601,-9.094753,-71.933763
4.082543,0.880075,0.607541,9.815221,-0.244141,-0.061035,-0.061035,-0.041578,-9.325347,-72.622807
4.102900,0.875539,0.600766,9.853748,-0.061035,0.122070,-0.061035,-1.676788,-10.939505,-73.311852
4.123035,0.852856,0.564629,9.806156,-0.061035,0.061035,0.000000,-2.143991,-9.094753,-73.311852
4.142314,0.873270,0.607541,9.763097,-0.122070,-0.061035,-0.183105,-0.508781,-10.708911,-73.082170
4.162763,0.861929,0.641419,9.833351,-0.061035,0.000000,-0.061035,-2.611194,-9.555941,-71.933763
4.182073,0.859661,0.589473,9.844683,-0.244141,-0.061035,-0.061035,-2.143991,-9.555941,-72.852489
4.202416,0.934513,0.639161,9.831085,0.061035,0.061035,-0.061035,-5.414413,-9.094753,-71.933763
4.222372,0.895953,0.587215,9.844683,0.061035,0.061035,-0.183105,-0.742382,-9.555941,-71.933763
4.242799,0.889148,0.607541,9.826553,0.000000,0.122070,0.061035,-2.143991,-9.555941,-73.311852
4.263001,0.914099,0.630126,9.767630,0.061035,-0.061035,-0.122070,-4.480007,-9.555941,-71.933763
4.282928,0.909562,0.600766,9.819754,0.122070,0.183105,-0.122070,-1.676788,-10.017129,-71.933763
4.302544,0.909562,0.607541,9.812955,-0.061035,-0.061035,0.000000,-2.844796,-10.247723,-72.622807
4.322953,0.875539,0.621092,9.828819,-0.061035,0.000000,-0.244141,-2.844796,-7.019408,-72.163444
4.342805,0.882343,0.627868,9.856014,0.000000,0.000000,-0.122070,-2.611194,-10.017129,-75.608667
4.363064,0.861929,0.625609,9.810689,-0.122070,-0.122070,0.061035,-2.377593,-8.402972,-73.082170
4.382884,0.884612,0.639161,9.765363,-0.183105,0.122070,-0.061035,1.360032,-7.480596,-74.000896
4.403183,0.871002,0.596249,9.842416,-0.122070,0.122070,0.061035,-2.844796,-7.480596,-74.460259
4.422994,0.868734,0.607541,9.788026,-0.122070,-0.061035,-0.061035,-1.676788,-8.633566,-72.393126
4.443437,0.864197,0.623351,9.776695,-0.244141,0.061035,-0.061035,-2.611194,-9.094753,-71.474400
4.463569,0.868734,0.593990,9.831085,-0.061035,-0.122070,-0.061035,-2.377593,-7.480596,-72.622807
4.483946,0.886880,0.634643,9.792559,-0.122070,0.000000,0.061035,-2.143991,-9.555941,-72.852489
4.503882,0.891416,0.584956,9.724570,-0.061035,0.000000,-0.061035,-2.377593,-8.864160,-72.163444
4.524006,0.877807,0.612058,9.840150,-0.244141,-0.122070,0.122070,-1.676788,-6.788814,-76.068030
4.543738,0.871002,0.636902,9.794825,-0.122070,0.061035,0.122070,-1.676788,-8.633566,-71.474400
4.564251,0.886880,0.634643,9.831085,-0.122070,0.061035,-0.427246,-2.377593,-8.864160,-74.000896
4.584610,0.875539,0.625609,9.846949,0.061035,-0.061035,-0.122070,-0.041578,-9.325347,-74.000896
4.605168,0.855125,0.641419,9.794825,-0.122070,0.000000,-0.061035,-2.143991,-9.094753,-73.311852
4.625357,0.855125,0.598507,9.831085,-0.183105,-0.061035,-0.061035,-0.975984,-8.402972,-72.622807
4.645360,0.889148,0.630126,9.781227,0.061035,-0.183105,-0.061035,-3.311999,-8.864160,-72.622807
4.664627,0.900489,0.582698,9.810689,-0.061035,0.122070,-0.061035,-3.545601,-10.017129,-73.311852
4.684115,0.895953,0.609800,9.797091,-0.122070,0.000000,-0.183105,-2.143991,-8.633566,-71.474400
4.703933,0.875539,0.607541,9.856014,-0.183105,0.000000,-0.244141,-4.947210,-10.017129,-72.393126
4.724230,0.929976,0.625609,9.740434,0.000000,0.000000,-0.244141,-2.377593,-11.170099,-73.082170
4.743923,0.882343,0.616575,9.812955,-0.122070,0.122070,-0.061035,-1.676788,-11.400692,-72.852489
4.763659,0.861929,0.578181,9.826553,-0.061035,0.000000,-0.122070,-2.377593,-8.402972,-73.082170
4.783978,0.891416,0.605283,9.817487,-0.244141,-0.061035,0.000000,-2.844796,-8.864160,-72.163444
4.804312,0.884612,0.643678,9.817487,0.000000,0.000000,-0.061035,-3.311999,-7.941784,-74.460259
4.824741,0.850588,0.607541,9.760831,-0.061035,0.061035,-0.061035,-1.676788,-9.094753,-71.933763
4.844238,0.857393,0.603024,9.803890,0.061035,0.061035,-0.183105,-0.975984,-9.325347,-74.000896
4.863971,0.884612,0.593990,9.799357,-0.061035,0.000000,-0.183105,-1.443187,-8.402972,-73.082170
4.884353,0.898221,0.560112,9.837884,-0.122070,0.061035,-0.061035,-3.078397,-8.172378,-74.689941
4.904816,0.900489,0.607541,9.865079,-0.061035,0.000000,-0.183105,-0.975984,-10.247723,-73.082170
4.925255,0.848320,0.630126,9.815221,-0.061035,0.061035,0.061035,-2.377593,-9.325347,-73.082170
4.944909,0.889148,0.582698,9.826553,-0.183105,-0.122070,-0.122070,-3.545601,-8.172378,-72.852489
4.964913,0.911830,0.605283,9.797091,-0.366211,0.061035,-0.061035,-3.311999,-7.480596,-73.541533
4.985135,0.871002,0.600766,9.878677,0.061035,0.000000,-0.244141,-1.209585,-10.478317,-74.230578
5.004974,0.882343,0.596249,9.835618,-0.061035,0.000000,-0.305176,-3.311999,-8.402972,-73.541533
5.029358,0.877807,0.614317,9.858280,0.000000,0.000000,0.000000,-3.779202,-9.786535,-73.541533
5.048808,0.929976,0.605283,9.803890,-0.122070,-0.061035,-0.061035,-1.910390,-9.786535,-72.163444
5.068486,0.902757,0.614317,9.808422,0.000000,-0.244141,-0.122070,-5.180811,-7.941784,-74.919622
5.088981,0.889148,0.614317,9.815221,-0.244141,0.000000,-0.183105,-2.611194,-6.327627,-74.689941
5.109003,0.861929,0.587215,9.803890,-0.183105,-0.061035,-0.122070,-4.947210,-9.094753,-72.393126
5.130459,0.873270,0.598507,9.810689,0.000000,0.061035,-0.305176,-4.012804,-9.094753,-72.393126
5.149688,0.889148,0.605283,9.837884,0.000000,0.061035,0.122070,-0.742382,-9.555941,-73.311852
5.170498,0.871002,0.607541,9.808422,-0.122070,0.061035,-0.183105,-2.844796,-9.786535,-72.163444
5.190175,0.884612,0.614317,9.799357,-0.061035,-0.061035,-0.122070,-4.480007,-8.633566,-73.311852
5.210263,0.871002,0.623351,9.774428,-0.061035,0.061035,-0.305176,-2.844796,-9.786535,-73.082170
5.230338,0.850588,0.618834,9.878677,-0.122070,-0.061035,-0.122070,-1.910390,-8.402972,-73.541533
5.250434,0.873270,0.625609,9.778961,-0.122070,0.122070,-0.122070,-4.012804,-8.172378,-73.771215
5.269732,0.848320,0.603024,9.763097,-0.122070,0.061035,-0.061035,-1.676788,-9.094753,-73.311852
5.290426,0.875539,0.609800,9.785760,-0.122070,0.122070,-0.122070,-2.844796,-9.325347,-72.622807
5.309635,0.846052,0.589473,9.817487,0.061035,-0.061035,0.061035,-1.676788,-8.172378,-73.771215
5.329844,0.859661,0.627868,9.776695,-0.061035,0.000000,-0.061035,-0.508781,-9.786535,-72.622807
5.350395,0.902757,0.591732,9.808422,-0.305176,-0.244141,-0.244141,-1.443187,-10.247723,-72.622807
5.370516,0.898221,0.603024,9.824286,-0.122070,0.122070,0.183105,-1.676788,-10.939505,-72.852489
5.390983,0.880075,0.603024,9.799357,-0.061035,0.000000,-0.061035,-0.275179,-10.017129,-71.474400
5.410757,0.886880,0.605283,9.765363,-0.122070,0.122070,-0.122070,-1.910390,-11.170099,-73.082170
5.431207,0.868734,0.609800,9.806156,0.000000,0.061035,-0.183105,-3.078397,-8.633566,-72.852489
5.450972,0.900489,0.607541,9.822020,-0.122070,0.000000,-0.061035,-2.611194,-9.555941,-72.852489
5.471103,0.895953,0.591732,9.812955,-0.183105,-0.061035,-0.122070,-2.143991,-10.017129,-73.311852
5.490889,0.889148,0.575922,9.806156,-0.122070,-0.061035,-0.061035,-3.311999,-8.864160,-73.541533
5.510791,0.877807,0.614317,9.867345,-0.061035,-0.122070,-0.366211,-1.443187,-8.864160,-71.704081
5.531050,0.893685,0.612058,9.806156,-0.061035,-0.122070,-0.183105,-2.143991,-8.633566,-72.852489
5.551005,0.866466,0.625609,9.803890,0.061035,-0.122070,0.000000,-3.311999,-8.402972,-74.000896
5.570662,0.850588,0.596249,9.819754,-0.122070,0.000000,0.000000,-1.443187,-9.786535,-73.541533
5.591140,0.891416,0.627868,9.862813,-0.061035,-0.183105,0.000000,-1.910390,-10.708911,-73.541533
5.611232,0.846052,0.612058,9.740434,-0.183105,0.122070,-0.122070,-1.676788,-8.172378,-74.230578
5.631114,0.868734,0.627868,9.758564,0.061035,0.061035,-0.122070,-2.143991,-10.478317,-74.689941
5.651004,0.893685,0.614317,9.842416,0.000000,-0.122070,0.000000,-2.377593,-8.402972,-74.460259
5.670976,0.882343,0.609800,9.831085,-0.061035,0.061035,-0.244141,-1.443187,-10.247723,-72.622807
5.690773,0.895953,0.598507,9.828819,0.000000,0.061035,-0.061035,-2.143991,-7.711190,-72.393126
5.710688,0.886880,0.621092,9.812955,-0.061035,-0.122070,0.061035,-3.545601,-9.094753,-74.689941
5.730875,0.895953,0.603024,9.729103,-0.061035,0.244141,0.000000,-0.975984,-9.786535,-73.082170
5.751247,0.877807,0.591732,9.801624,0.000000,-0.122070,-0.061035,-1.209585,-9.555941,-71.933763
5.771065,0.889148,0.641419,9.781227,-0.305176,0.000000,-0.122070,-1.443187,-7.480596,-70.785355
5.791010,0.841515,0.603024,9.833351,0.000000,0.183105,-0.183105,-1.676788,-10.017129,-71.474400
5.810862,0.859661,0.600766,9.858280,-0.183105,0.061035,-0.244141,-1.910390,-9.325347,-73.082170
5.831214,0.907294,0.623351,9.801624,-0.183105,0.000000,-0.061035,-1.676788,-9.094753,-73.311852
5.850996,0.891416,0.614317,9.837884,0.061035,0.183105,-0.183105,-3.078397,-11.861880,-73.771215
5.870856,0.909562,0.614317,9.783493,0.000000,-0.122070,-0.183105,-2.611194,-10.478317,-74.230578
5.891120,0.898221,0.612058,9.817487,0.000000,0.183105,-0.061035,-2.143991,-10.478317,-73.771215
5.911569,0.880075,0.614317,9.769896,-0.122070,0.000000,0.061035,-2.143991,-9.555941,-72.852489
5.931753,0.900489,0.578181,9.803890,-0.061035,0.122070,-0.122070,-2.844796,-7.941784,-72.163444
5.952166,0.925440,0.598507,9.769896,0.061035,-0.061035,-0.061035,-2.844796,-9.325347,-73.082170
5.971977,0.880075,0.625609,9.772162,-0.061035,0.061035,-0.305176,-1.910390,-9.325347,-72.622807
5.992034,0.823369,0.623351,9.860547,-0.061035,0.183105,0.122070,-2.611194,-9.555941,-72.393126
6.011816,0.914099,0.618834,9.781227,0.061035,0.000000,0.061035,-2.611194,-11.400692,-71.015037
6.032135,0.902757,0.623351,9.803890,-0.122070,0.061035,0.000000,-2.377593,-9.786535,-72.163444
6.051923,0.884612,0.612058,9.824286,0.183105,0.000000,0.061035,-0.508781,-10.708911,-73.541533
6.072421,0.898221,0.596249,9.749499,0.183105,0.000000,-0.183105,-3.078397,-10.939505,-72.393126
6.092675,0.866466,0.591732,9.846949,0.061035,0.183105,-0.061035,-1.443187,-9.325347,-73.082170
6.112734,0.909562,0.600766,9.799357,0.122070,0.000000,-0.061035,-1.676788,-9.094753,-72.852489
6.132616,0.882343,0.616575,9.767630,0.122070,0.000000,0.000000,-1.443187,-10.247723,-74.000896
6.152572,0.864197,0.596249,9.812955,0.061035,0.061035,-0.122070,-3.779202,-8.402972,-73.082170
6.172903,0.825637,0.621092,9.797091,0.061035,0.061035,0.000000,-4.012804,-8.633566,-74.230578
6.192843,0.873270,0.569146,9.785760,0.000000,0.000000,0.000000,-2.143991,-10.478317,-72.852489
6.212699,0.877807,0.609800,9.806156,-0.061035,0.061035,0.000000,-2.611194,-8.172378,-74.689941
6.233198,0.868734,0.593990,9.828819,-0.061035,0.061035,-0.183105,-4.246405,-8.864160,-73.541533
6.253355,0.871002,0.593990,9.860547,-0.244141,0.122070,-0.244141,-2.143991,-9.555941,-73.771215
6.273628,0.866466,0.600766,9.792559,-0.061035,0.000000,0.061035,-2.143991,-10.478317,-72.393126
6.293471,0.873270,0.616575,9.803890,0.122070,0.000000,0.000000,-1.443187,-9.786535,-72.622807
6.313243,0.884612,0.623351,9.760831,-0.122070,-0.061035,0.000000,-2.377593,-9.786535,-73.541533
6.333285,0.891416,0.627868,9.744967,0.122070,0.000000,-0.183105,-1.910390,-8.864160,-73.082170
6.352797,0.891416,0.603024,9.783493,-0.122070,-0.122070,-0.244141,-4.012804,-8.172378,-72.852489
6.372456,0.891416,0.598507,9.833351,0.000000,-0.061035,-0.061035,-0.975984,-7.941784,-73.082170
6.392893,0.834710,0.589473,9.758564,-0.061035,0.122070,-0.122070,-2.611194,-9.094753,-72.852489
6.412930,0.880075,0.659487,9.744967,-0.061035,-0.061035,-0.244141,-1.676788,-8.633566,-72.852489
6.433125,0.868734,0.584956,9.806156,-0.183105,0.122070,-0.122070,-1.910390,-9.786535,-71.704081
6.453175,0.884612,0.612058,9.822020,0.000000,0.061035,-0.061035,-3.311999,-9.786535,-74.000896
6.472705,0.852856,0.578181,9.788026,0.061035,0.122070,-0.061035,-3.779202,-10.247723,-72.622807
6.492241,0.871002,0.587215,9.887742,-0.183105,-0.122070,0.061035,-4.012804,-9.094753,-73.771215
6.511930,0.868734,0.596249,9.754032,-0.061035,0.061035,-0.122070,-2.143991,-9.094753,-74.230578
6.532620,0.859661,0.614317,9.803890,-0.183105,0.061035,-0.122070,-3.078397,-7.250002,-73.771215
6.552238,0.864197,0.614317,9.860547,-0.122070,0.000000,0.183105,-2.143991,-9.094753,-71.015037
6.572018,0.873270,0.591732,9.833351,-0.061035,0.000000,-0.061035,-2.143991,-9.094753,-72.852489
6.591739,0.898221,0.616575,9.792559,0.000000,-0.061035,0.244141,-0.508781,-8.864160,-70.785355
6.612023,0.898221,0.584956,9.797091,-0.122070,0.000000,-0.122070,-4.713608,-9.325347,-72.622807
6.632239,0.873270,0.609800,9.840150,-0.183105,0.000000,0.000000,-2.611194,-9.094753,-73.771215
6.652023,0.914099,0.636902,9.815221,0.000000,0.000000,-0.183105,-0.508781,-8.402972,-74.000896
6.671744,0.895953,0.591732,9.783493,0.061035,0.122070,-0.122070,-2.377593,-9.325347,-73.541533
6.692053,0.893685,0.596249,9.837884,-0.122070,-0.061035,-0.061035,-0.975984,-8.864160,-74.000896
6.711838,0.920903,0.609800,9.790292,-0.183105,0.061035,-0.244141,-2.143991,-9.555941,-73.311852
6.732186,0.918635,0.598507,9.803890,0.000000,0.000000,-0.061035,-2.143991,-8.172378,-72.852489
6.752064,0.859661,0.593990,9.731369,-0.244141,-0.061035,-0.061035,-4.246405,-9.786535,-73.082170
6.771747,0.884612,0.641419,9.783493,0.061035,0.000000,-0.183105,-2.143991,-10.017129,-73.311852
6.791662,0.898221,0.571405,9.797091,-0.122070,0.000000,-0.305176,-0.975984,-8.864160,-73.541533
6.811748,0.877807,0.623351,9.776695,-0.061035,-0.183105,-0.122070,-3.311999,-8.864160,-71.704081
6.831671,0.877807,0.603024,9.803890,-0.183105,-0.061035,-0.061035,-2.844796,-7.941784,-74.460259
6.851727,0.880075,0.614317,9.846949,-0.122070,0.061035,-0.061035,-2.143991,-10.017129,-74.230578
6.871974,0.895953,0.645936,9.812955,0.061035,-0.244141,-0.244141,-1.676788,-10.017129,-72.393126
6.892461,0.873270,0.580439,9.815221,-0.122070,0.000000,-0.366211,-1.910390,-8.402972,-70.785355
6.912872,0.889148,0.652712,9.803890,0.000000,-0.122070,-0.122070,-2.611194,-9.555941,-72.852489
6.932930,0.895953,0.589473,9.835618,0.000000,0.122070,0.000000,-3.779202,-8.402972,-74.000896
6.952991,0.898221,0.641419,9.883209,-0.122070,0.183105,-0.122070,-2.143991,-10.017129,-73.771215
6.972822,0.889148,0.584956,9.801624,-0.122070,-0.122070,0.061035,-3.311999,-7.480596,-73.541533
6.992663,0.898221,0.616575,9.842416,-0.061035,0.000000,-0.122070,-3.311999,-8.402972,-70.325992
7.012683,0.900489,0.603024,9.896807,-0.122070,0.122070,-0.122070,-4.246405,-7.480596,-73.082170
7.032362,0.868734,0.584956,9.783493,0.000000,0.061035,-0.061035,-4.246405,-8.402972,-73.541533
7.052795,0.871002,0.603024,9.792559,0.061035,0.000000,-0.183105,-3.311999,-9.325347,-73.082170
7.072950,0.866466,0.573664,9.835618,-0.183105,-0.061035,-0.244141,-1.676788,-9.555941,-75.149304
7.093297,0.880075,0.639161,9.792559,-0.061035,-0.183105,-0.122070,-0.975984,-7.480596,-72.622807
7.113242,0.893685,0.596249,9.801624,-0.244141,0.061035,-0.122070,-3.078397,-8.633566,-72.852489
7.133460,0.900489,0.598507,9.794825,0.061035,0.122070,0.061035,-2.611194,-8.633566,-72.393126
7.153452,0.866466,0.605283,9.835618,-0.061035,0.061035,-0.183105,-3.078397,-8.633566,-73.311852
7.173416,0.898221,0.632385,9.851482,-0.061035,0.000000,-0.122070,0.425626,-8.864160,-73.541533
7.193243,0.898221,0.593990,9.797091,-0.122070,-0.061035,-0.061035,-0.742382,-8.633566,-73.771215
7.213358,0.911830,0.627868,9.744967,-0.183105,-0.122070,0.000000,-2.143991,-10.478317,-71.474400
7.233374,0.861929,0.625609,9.822020,0.122070,-0.061035,-0.183105,-2.377593,-9.325347,-71.244718
7.253214,0.846052,0.593990,9.815221,-0.122070,-0.061035,-0.122070,-1.910390,-7.480596,-72.622807
7.273627,0.909562,0.589473,9.817487,0.000000,0.000000,-0.061035,-2.611194,-9.555941,-73.771215
7.293689,0.889148,0.605283,9.794825,-0.122070,-0.122070,-0.244141,-1.910390,-8.864160,-72.622807
7.314208,0.866466,0.600766,9.738168,0.000000,0.061035,-0.061035,-4.012804,-9.094753,-74.230578
7.334196,0.864197,0.636902,9.788026,-0.061035,0.061035,0.000000,-2.143991,-10.017129,-74.689941
7.354672,0.916367,0.607541,9.828819,-0.122070,-0.183105,-0.122070,-1.443187,-9.786535,-74.460259
7.374674,0.868734,0.612058,9.799357,-0.122070,0.000000,-0.061035,-1.676788,-11.400692,-73.771215
7.395085,0.884612,0.630126,9.806156,-0.061035,0.122070,-0.183105,-1.209585,-7.250002,-72.393126
7.414849,0.884612,0.607541,9.822020,0.000000,-0.061035,-0.183105,-2.143991,-8.633566,-71.933763
7.435329,0.855125,0.584956,9.819754,0.000000,0.122070,-0.122070,-2.611194,-9.094753,-72.393126
7.455470,0.871002,0.614317,9.808422,-0.244141,0.061035,-0.122070,-2.844796,-7.941784,-71.704081
7.475883,0.875539,0.605283,9.815221,-0.183105,0.122070,0.000000,0.192024,-7.711190,-72.852489
7.496148,0.911830,0.623351,9.810689,-0.122070,-0.122070,-0.061035,-1.676788,-8.172378,-72.852489
7.516652,0.875539,0.600766,9.831085,-0.183105,0.000000,0.061035,-4.246405,-7.941784,-73.541533
7.536584,0.848320,0.618834,9.849215,0.000000,0.183105,0.000000,-0.742382,-9.555941,-72.852489
7.556582,0.907294,0.593990,9.790292,-0.122070,0.000000,-0.061035,-3.078397,-11.400692,-74.230578
7.576033,0.909562,0.609800,9.835618,-0.061035,0.183105,0.122070,-2.143991,-10.017129,-73.771215
7.596182,0.852856,0.589473,9.797091,-0.122070,0.122070,0.000000,-0.508781,-8.864160,-72.622807
7.616044,0.873270,0.612058,9.826553,-0.061035,0.000000,-0.061035,-1.676788,-9.094753,-75.149304
7.636143,0.875539,0.636902,9.817487,-0.061035,0.000000,-0.061035,-1.209585,-8.172378,-73.771215
7.656006,0.893685,0.575922,9.817487,0.000000,0.122070,-0.122070,-2.377593,-9.786535,-72.622807
7.676478,0.857393,0.630126,9.842416,-0.122070,0.000000,0.000000,-2.844796,-8.864160,-74.000896
7.696714,0.841515,0.621092,9.790292,-0.061035,0.122070,-0.183105,-2.377593,-9.786535,-73.541533
7.717299,0.898221,0.634643,9.851482,0.000000,0.061035,-0.122070,0.425626,-9.325347,-73.541533
7.736913,0.909562,0.618834,9.778961,-0.122070,-0.183105,-0.244141,-1.910390,-9.325347,-72.163444
7.756992,0.918635,0.614317,9.797091,-0.061035,-0.061035,0.000000,-2.611194,-8.633566,-73.311852
7.777137,0.864197,0.612058,9.797091,-0.061035,0.000000,-0.061035,-2.377593,-10.247723,-74.460259
7.797786,0.875539,0.603024,9.799357,0.000000,-0.122070,-0.122070,-1.676788,-9.555941,-74.689941
7.817954,0.886880,0.591732,9.781227,0.000000,0.000000,-0.061035,-1.910390,-9.786535,-71.704081
7.838240,0.855125,0.612058,9.797091,-0.061035,0.061035,0.000000,-1.910390,-11.170099,-72.163444
7.858243,0.880075,0.605283,9.856014,-0.244141,0.000000,0.122070,-3.078397,-10.939505,-74.230578
7.878399,0.850588,0.587215,9.833351,-0.122070,0.061035,-0.244141,-1.443187,-9.786535,-73.082170
7.898581,0.898221,0.612058,9.826553,-0.061035,0.122070,-0.244141,-2.844796,-8.402972,-72.622807
7.919126,0.877807,0.625609,9.790292,0.061035,0.000000,-0.244141,-2.611194,-7.250002,-73.311852
7.939525,0.857393,0.589473,9.799357,-0.122070,0.000000,-0.183105,-1.443187,-9.325347,-72.622807
7.959898,0.864197,0.600766,9.835618,0.122070,-0.183105,-0.061035,-1.676788,-10.478317,-73.311852
7.980228,0.848320,0.616575,9.790292,-0.122070,-0.061035,-0.061035,-1.443187,-8.402972,-72.622807
8.000113,0.875539,0.587215,9.774428,0.000000,-0.061035,-0.122070,-1.676788,-9.094753,-74.230578
8.019819,0.871002,0.621092,9.765363,-0.122070,0.061035,-0.305176,-1.910390,-8.402972,-71.244718
8.040408,0.871002,0.600766,9.806156,-0.183105,0.122070,-0.122070,-2.611194,-10.017129,-71.933763
8.060867,0.839247,0.589473,9.842416,-0.061035,0.000000,-0.122070,-3.078397,-8.172378,-74.230578
8.080975,0.880075,0.609800,9.878677,0.122070,-0.061035,-0.183105,-1.910390,-9.786535,-73.082170
8.101184,0.911830,0.587215,9.860547,-0.061035,0.061035,-0.122070,-4.012804,-8.633566,-74.230578
8.120731,0.891416,0.612058,9.785760,-0.061035,0.000000,-0.366211,-2.143991,-7.711190,-71.933763
8.140299,0.873270,0.612058,9.831085,-0.122070,0.061035,-0.183105,-2.143991,-9.094753,-71.933763
8.160626,0.875539,0.623351,9.731369,0.061035,0.000000,0.000000,-1.443187,-11.170099,-72.622807
8.180136,0.920903,0.578181,9.812955,0.061035,-0.122070,-0.244141,-1.443187,-9.325347,-74.000896
8.200070,0.861929,0.618834,9.758564,-0.122070,0.000000,-0.061035,-3.078397,-8.633566,-74.230578
8.219943,0.914099,0.621092,9.824286,-0.183105,0.061035,-0.122070,-0.975984,-9.786535,-74.000896
8.239897,0.891416,0.605283,9.846949,-0.122070,0.000000,0.061035,-1.676788,-7.711190,-74.230578
8.259696,0.852856,0.607541,9.794825,-0.061035,0.061035,-0.183105,-3.078397,-9.555941,-74.689941
8.279978,0.895953,0.632385,9.815221,0.000000,-0.061035,-0.122070,-1.910390,-9.325347,-74.919622
8.300295,0.877807,0.630126,9.803890,-0.183105,0.122070,0.061035,-2.377593,-9.325347,-71.704081
8.320564,0.841515,0.621092,9.815221,-0.305176,0.000000,0.061035,-1.676788,-10.017129,-73.771215
8.340154,0.911830,0.569146,9.783493,0.122070,0.122070,-0.183105,-0.975984,-10.247723,-73.082170
8.360155,0.893685,0.636902,9.797091,0.000000,-0.061035,-0.061035,-3.311999,-9.325347,-73.541533
8.380098,0.859661,0.584956,9.767630,0.061035,0.000000,0.000000,-2.143991,-8.633566,-73.311852
8.399946,0.873270,0.607541,9.837884,-0.122070,0.000000,0.122070,-2.611194,-10.017129,-72.852489
8.420513,0.871002,0.600766,9.822020,-0.183105,0.000000,-0.244141,-1.910390,-8.864160,-74.000896
8.440021,0.886880,0.630126,9.781227,-0.183105,0.122070,0.000000,-1.910390,-8.402972,-73.082170
8.460254,0.861929,0.623351,9.853748,-0.061035,0.000000,-0.122070,-1.443187,-7.019408,-74.000896
8.480265,0.902757,0.591732,9.835618,0.061035,0.000000,-0.183105,-2.611194,-10.017129,-73.771215
8.500042,0.873270,0.618834,9.899073,-0.183105,0.000000,-0.061035,0.192024,-10.017129,-72.852489
8.519841,0.859661,0.616575,9.735902,-0.061035,0.000000,-0.122070,-2.844796,-10.247723,-74.000896
8.539797,0.871002,0.630126,9.837884,0.061035,-0.183105,-0.183105,-0.508781,-9.786535,-72.622807
8.560102,0.855125,0.609800,9.810689,-0.244141,0.000000,-0.244141,-1.209585,-9.555941,-73.311852
8.579845,0.914099,0.612058,9.765363,-0.061035,-0.061035,-0.061035,-3.311999,-9.325347,-73.541533
8.599991,0.830174,0.591732,9.856014,-0.122070,0.000000,-0.122070,-3.311999,-9.786535,-72.622807
8.619361,0.882343,0.593990,9.837884,0.061035,-0.061035,-0.122070,-4.480007,-10.478317,-72.852489
8.639056,0.889148,0.593990,9.812955,-0.061035,0.000000,-0.244141,-0.975984,-8.402972,-74.460259
8.658886,0.875539,0.623351,9.801624,0.122070,0.000000,0.122070,-2.377593,-7.941784,-71.244718
8.679292,0.871002,0.612058,9.851482,0.122070,0.061035,-0.122070,-2.844796,-9.786535,-71.244718
8.699294,0.859661,0.607541,9.822020,-0.061035,0.000000,-0.122070,-1.676788,-10.478317,-74.689941
8.719758,0.886880,0.600766,9.817487,-0.183105,-0.122070,-0.244141,-1.443187,-9.325347,-72.622807
8.739787,0.900489,0.600766,9.810689,-0.122070,0.122070,0.122070,-3.779202,-9.786535,-73.082170
8.759938,0.871002,0.616575,9.844683,0.000000,-0.061035,0.000000,-2.611194,-8.172378,-74.230578
8.780168,0.891416,0.636902,9.790292,0.061035,0.000000,-0.122070,-2.377593,-8.864160,-72.622807
8.800703,0.836979,0.618834,9.776695,0.061035,-0.122070,-0.061035,-1.676788,-10.017129,-73.311852
8.820573,0.889148,0.603024,9.794825,-0.183105,0.061035,-0.183105,-3.311999,-8.864160,-73.541533
8.840937,0.889148,0.621092,9.778961,-0.122070,0.061035,-0.061035,-3.311999,-9.786535,-74.919622
8.860898,0.864197,0.668521,9.758564,-0.061035,0.000000,-0.122070,-1.676788,-10.017129,-73.311852
8.880918,0.873270,0.575922,9.754032,-0.061035,0.061035,-0.122070,-2.143991,-8.633566,-72.852489
8.900816,0.889148,0.584956,9.812955,-0.183105,0.000000,-0.061035,-1.910390,-9.325347,-71.704081
8.920910,0.905026,0.589473,9.794825,-0.061035,0.000000,-0.061035,-3.078397,-8.633566,-73.311852
8.941161,0.898221,0.593990,9.785760,0.061035,-0.061035,0.061035,-2.143991,-10.017129,-73.311852
8.961299,0.852856,0.607541,9.801624,0.061035,-0.061035,0.000000,-3.311999,-9.325347,-71.704081
8.980836,0.880075,0.641419,9.797091,-0.061035,-0.061035,0.000000,-3.078397,-9.094753,-74.230578
9.000713,0.891416,0.593990,9.810689,0.061035,-0.061035,0.183105,-2.844796,-10.247723,-72.622807
9.020879,0.859661,0.632385,9.794825,-0.183105,0.000000,0.000000,-0.975984,-7.019408,-74.000896
9.040779,0.886880,0.616575,9.785760,0.122070,0.061035,-0.183105,-1.209585,-10.478317,-71.933763
9.060908,0.875539,0.569146,9.844683,-0.061035,-0.122070,-0.183105,-3.779202,-11.170099,-73.082170
9.080894,0.871002,0.603024,9.840150,-0.061035,0.000000,-0.061035,-1.910390,-7.941784,-72.163444
9.100815,0.902757,0.603024,9.812955,-0.122070,0.000000,0.000000,-1.910390,-8.864160,-73.082170
9.119847,0.823369,0.621092,9.772162,0.000000,-0.061035,0.000000,-2.143991,-7.711190,-72.852489
9.140288,0.884612,0.591732,9.822020,-0.061035,-0.122070,0.000000,-2.143991,-9.094753,-72.393126
9.160636,0.832442,0.598507,9.776695,-0.183105,0.000000,-0.183105,-1.910390,-9.786535,-73.082170
9.180664,0.886880,0.598507,9.819754,-0.244141,-0.061035,-0.122070,-2.844796,-7.019408,-73.082170
9.200631,0.889148,0.623351,9.781227,0.000000,0.061035,0.000000,-2.611194,-8.633566,-73.311852
9.221011,0.868734,0.607541,9.803890,0.000000,0.061035,0.000000,-1.209585,-9.094753,-73.311852
9.241389,0.902757,0.600766,9.808422,-0.061035,-0.061035,0.061035,-2.143991,-8.172378,-75.149304
9.261294,0.875539,0.618834,9.767630,0.000000,0.000000,0.000000,-2.611194,-10.939505,-73.311852
9.281823,0.873270,0.605283,9.806156,-0.061035,0.061035,-0.122070,-1.209585,-8.172378,-73.311852
9.301738,0.875539,0.609800,9.783493,0.061035,-0.061035,0.000000,-3.779202,-9.325347,-73.541533
9.322242,0.875539,0.580439,9.860547,-0.122070,0.000000,-0.305176,-2.611194,-9.094753,-72.852489
9.342359,0.886880,0.634643,9.776695,-0.122070,0.122070,-0.061035,-1.443187,-8.864160,-74.460259
9.362702,0.902757,0.605283,9.778961,-0.122070,0.000000,-0.183105,-3.078397,-9.094753,-73.311852
9.382871,0.893685,0.587215,9.824286,-0.061035,-0.061035,0.000000,-1.676788,-7.250002,-74.689941
9.403269,0.886880,0.621092,9.865079,0.122070,-0.061035,-0.244141,-1.443187,-9.325347,-73.082170
9.423115,0.914099,0.596249,9.865079,-0.122070,0.000000,-0.122070,-2.377593,-9.786535,-72.163444
9.443175,0.864197,0.614317,9.751766,0.000000,0.000000,0.122070,-1.910390,-8.402972,-74.460259
9.463422,0.873270,0.578181,9.817487,-0.061035,0.000000,-0.061035,-0.508781,-10.247723,-74.919622
9.483686,0.893685,0.587215,9.803890,0.000000,0.122070,-0.061035,-0.275179,-10.478317,-72.852489
9.503847,0.875539,0.625609,9.824286,-0.061035,-0.061035,-0.061035,-2.377593,-8.864160,-74.000896
9.524202,0.898221,0.621092,9.792559,-0.061035,0.122070,0.061035,-2.844796,-9.325347,-72.622807
9.544032,0.905026,0.578181,9.846949,-0.061035,0.061035,-0.122070,-2.143991,-10.939505,-73.311852
9.564527,0.920903,0.584956,9.831085,-0.122070,0.000000,-0.122070,-2.844796,-8.864160,-72.622807
9.584754,0.850588,0.625609,9.776695,-0.122070,0.061035,0.000000,-0.041578,-8.864160,-72.622807
9.604756,0.909562,0.623351,9.808422,-0.061035,0.061035,-0.183105,-0.275179,-10.017129,-73.311852
9.624725,0.891416,0.625609,9.774428,0.000000,0.061035,0.061035,-1.676788,-10.939505,-73.771215
9.644665,0.920903,0.598507,9.846949,-0.061035,0.122070,-0.122070,-1.910390,-11.170099,-71.244718
9.664708,0.905026,0.596249,9.851482,-0.122070,-0.122070,-0.122070,-3.545601,-9.555941,-73.311852
9.684259,0.868734,0.621092,9.756298,-0.183105,0.061035,-0.305176,-3.078397,-9.094753,-73.771215
9.703893,0.882343,0.596249,9.828819,-0.183105,-0.122070,-0.183105,-3.311999,-8.402972,-73.082170
9.723782,0.884612,0.625609,9.840150,0.000000,0.183105,0.061035,-2.611194,-8.172378,-73.771215
9.743971,0.900489,0.575922,9.778961,-0.183105,0.122070,0.122070,-3.078397,-10.939505,-73.311852
9.764292,0.864197,0.603024,9.819754,-0.061035,0.122070,-0.061035,-1.676788,-9.094753,-72.393126
9.784544,0.871002,0.623351,9.769896,-0.061035,0.000000,0.000000,-2.611194,-10.478317,-74.689941
9.804180,0.895953,0.627868,9.760831,-0.061035,-0.122070,-0.183105,-2.611194,-9.555941,-74.230578
9.824254,0.886880,0.618834,9.785760,-0.244141,-0.061035,-0.305176,-3.311999,-9.325347,-73.541533
9.844242,0.875539,0.612058,9.833351,0.000000,0.061035,0.000000,-4.012804,-8.633566,-75.149304
9.863956,0.871002,0.609800,9.819754,-0.122070,0.061035,-0.183105,-1.209585,-8.633566,-72.852489
9.884265,0.900489,0.654970,9.785760,0.000000,0.000000,0.061035,-1.443187,-10.247723,-74.919622
9.904194,0.855125,0.634643,9.810689,-0.122070,0.000000,-0.244141,-2.611194,-10.017129,-73.311852
9.924129,0.905026,0.593990,9.840150,-0.183105,0.000000,-0.122070,-2.844796,-8.864160,-71.704081
9.944096,0.889148,0.616575,9.792559,0.000000,-0.122070,0.061035,-3.078397,-10.017129,-73.771215
9.963899,0.895953,0.612058,9.846949,-0.061035,0.061035,-0.061035,-2.377593,-8.402972,-73.082170
9.984183,0.882343,0.578181,9.822020,-0.122070,0.000000,0.000000,-2.143991,-9.555941,-73.311852
10.004111,0.850588,0.605283,9.835618,0.000000,-0.183105,-0.366211,-3.078397,-10.478317,-73.311852
10.028007,0.898221,0.607541,9.833351,0.000000,-0.122070,-0.061035,-2.143991,-10.017129,-74.689941
10.048057,0.893685,0.605283,9.803890,-0.061035,0.000000,-0.122070,-1.910390,-8.864160,-74.000896
10.067781,0.873270,0.573664,9.803890,0.061035,0.122070,0.000000,-1.209585,-10.478317,-71.474400
10.088288,0.880075,0.621092,9.806156,-0.122070,-0.244141,-0.061035,-0.742382,-8.172378,-73.311852
10.108105,0.893685,0.614317,9.769896,-0.122070,-0.061035,0.122070,-1.209585,-9.094753,-72.393126
10.128194,0.848320,0.575922,9.785760,-0.061035,0.122070,-0.061035,-0.975984,-9.325347,-72.622807
10.148075,0.907294,0.625609,9.842416,-0.061035,0.122070,-0.061035,-3.078397,-9.555941,-71.933763
10.168080,0.850588,0.636902,9.710973,0.000000,-0.122070,-0.183105,-2.844796,-10.247723,-73.541533
10.187886,0.871002,0.618834,9.837884,-0.122070,-0.061035,-0.122070,-2.377593,-9.325347,-71.244718
10.208151,0.871002,0.618834,9.849215,0.000000,0.061035,-0.183105,-0.508781,-8.864160,-73.082170
10.228164,0.909562,0.603024,9.797091,-0.061035,0.183105,-0.061035,-2.377593,-10.247723,-73.541533
10.248155,0.882343,0.582698,9.785760,-0.061035,0.061035,0.122070,-3.779202,-8.864160,-73.082170
10.268179,0.875539,0.623351,9.806156,-0.183105,0.061035,-0.122070,-2.844796,-9.786535,-71.704081
10.288149,0.868734,0.580439,9.808422,-0.122070,0.061035,0.061035,-4.246405,-7.480596,-74.000896
10.308880,0.873270,0.607541,9.822020,-0.061035,-0.061035,-0.122070,-1.443187,-9.786535,-71.244718
10.328736,0.877807,0.582698,9.849215,0.000000,0.000000,0.183105,-2.611194,-9.094753,-72.852489
10.348765,0.875539,0.609800,9.774428,-0.061035,0.000000,0.000000,-1.209585,-9.094753,-74.230578
10.368605,0.855125,0.593990,9.824286,0.061035,0.122070,0.000000,-2.143991,-8.172378,-73.311852
10.389121,0.911830,0.589473,9.851482,-0.122070,0.122070,-0.061035,-1.676788,-9.094753,-73.771215
10.409402,0.859661,0.612058,9.760831,-0.122070,0.000000,-0.122070,-1.209585,-8.633566,-73.771215
10.429344,0.868734,0.603024,9.860547,-0.122070,0.122070,0.122070,-1.443187,-8.864160,-72.163444
10.449208,0.861929,0.621092,9.817487,-0.183105,-0.061035,0.000000,-4.246405,-11.631286,-72.622807
10.469562,0.907294,0.645936,9.808422,-0.061035,0.061035,-0.122070,-2.844796,-8.864160,-73.541533
10.489680,0.884612,0.636902,9.819754,-0.122070,0.122070,-0.122070,-1.443187,-8.402972,-73.541533
10.510220,0.871002,0.593990,9.801624,-0.061035,-0.122070,-0.244141,-0.742382,-9.094753,-71.933763
10.530235,0.873270,0.630126,9.858280,0.061035,0.061035,-0.122070,-1.443187,-9.786535,-72.163444
10.550472,0.871002,0.609800,9.781227,-0.061035,0.000000,0.000000,-2.611194,-8.172378,-74.230578
10.570616,0.882343,0.600766,9.828819,0.183105,0.000000,-0.183105,-0.508781,-8.864160,-71.704081
10.591158,0.884612,0.607541,9.790292,-0.122070,0.000000,-0.244141,-3.311999,-8.864160,-74.919622
10.611176,0.884612,0.580439,9.797091,-0.122070,0.061035,-0.244141,-2.844796,-8.402972,-73.541533
10.631690,0.882343,0.632385,9.806156,0.061035,-0.122070,0.122070,-0.742382,-9.094753,-72.393126
10.651820,0.893685,0.603024,9.799357,0.000000,-0.061035,0.000000,-1.910390,-8.864160,-73.082170
10.672274,0.866466,0.575922,9.776695,-0.122070,0.122070,-0.183105,-1.209585,-9.094753,-72.852489
10.692630,0.889148,0.643678,9.826553,0.122070,-0.122070,0.061035,-0.742382,-10.939505,-73.311852
10.712724,0.884612,0.553337,9.810689,-0.061035,0.000000,-0.122070,-0.742382,-9.555941,-72.393126
10.732656,0.929976,0.623351,9.858280,-0.122070,0.122070,0.000000,-2.143991,-10.939505,-72.852489
10.752594,0.868734,0.627868,9.826553,-0.183105,0.000000,-0.122070,-3.078397,-7.711190,-72.852489
10.772114,0.902757,0.632385,9.799357,-0.061035,0.122070,-0.061035,-3.779202,-8.864160,-71.704081
10.792594,0.898221,0.598507,9.808422,-0.061035,0.000000,-0.244141,-2.611194,-10.017129,-72.852489
10.812098,0.873270,0.614317,9.803890,0.122070,0.122070,-0.183105,-2.143991,-6.788814,-73.311852
10.832165,0.884612,0.618834,9.874144,-0.061035,-0.061035,0.000000,-2.143991,-7.711190,-72.393126
10.852071,0.929976,0.593990,9.860547,-0.061035,-0.061035,-0.061035,-1.910390,-9.325347,-72.622807
10.872272,0.877807,0.612058,9.774428,-0.122070,0.000000,-0.183105,-2.143991,-9.094753,-72.393126
10.892155,0.875539,0.650453,9.790292,-0.122070,0.061035,-0.244141,-2.377593,-9.325347,-72.163444
10.912092,0.873270,0.607541,9.815221,-0.061035,0.061035,0.122070,-2.611194,-9.555941,-71.474400
10.931856,0.893685,0.582698,9.810689,0.000000,-0.061035,-0.183105,-1.443187,-8.402972,-73.541533
10.952296,0.866466,0.625609,9.812955,0.000000,-0.244141,-0.183105,-3.311999,-6.558221,-72.163444
10.972619,0.880075,0.612058,9.824286,-0.122070,0.000000,-0.183105,-2.377593,-10.247723,-73.541533
10.993184,0.871002,0.605283,9.806156,0.000000,0.000000,-0.305176,-2.844796,-9.786535,-72.163444
11.013359,0.877807,0.598507,9.885476,0.061035,0.000000,0.061035,-1.676788,-10.017129,-73.771215
11.033834,0.864197,0.612058,9.837884,0.000000,0.000000,-0.122070,-1.910390,-8.402972,-72.622807
11.054052,0.891416,0.596249,9.819754,-0.061035,-0.183105,-0.122070,-1.443187,-11.170099,-74.460259
11.074443,0.882343,0.582698,9.815221,0.061035,-0.122070,-0.366211,-2.377593,-9.325347,-73.082170
11.094444,0.907294,0.612058,9.760831,-0.061035,0.122070,0.061035,-3.311999,-9.325347,-71.704081
11.114940,0.893685,0.603024,9.819754,0.000000,0.061035,0.000000,-3.311999,-11.170099,-73.082170
11.134720,0.873270,0.623351,9.817487,-0.183105,0.061035,-0.061035,-3.311999,-9.325347,-72.163444
11.155149,0.895953,0.593990,9.781227,0.061035,0.061035,-0.061035,-2.611194,-8.633566,-71.933763
11.175047,0.871002,0.580439,9.788026,-0.061035,0.000000,-0.366211,-2.611194,-9.094753,-73.311852
11.195168,0.850588,0.605283,9.828819,-0.061035,0.061035,-0.244141,-2.611194,-7.711190,-71.933763
11.215193,0.905026,0.566888,9.794825,-0.183105,-0.061035,-0.061035,-2.611194,-8.172378,-73.771215
11.235721,0.884612,0.623351,9.785760,0.000000,0.183105,-0.183105,-3.779202,-8.402972,-74.000896
11.255789,0.886880,0.596249,9.754032,0.122070,-0.061035,-0.183105,-1.910390,-9.325347,-72.163444
11.275958,0.882343,0.564629,9.794825,0.000000,0.061035,-0.183105,-4.012804,-9.555941,-74.689941
11.296212,0.891416,0.612058,9.824286,-0.183105,-0.061035,-0.122070,-2.611194,-8.172378,-71.474400
11.316154,0.880075,0.598507,9.799357,-0.061035,-0.061035,-0.183105,-1.910390,-7.941784,-73.541533
11.336152,0.891416,0.605283,9.797091,-0.183105,-0.061035,0.000000,-3.078397,-8.633566,-72.393126
11.356124,0.877807,0.612058,9.810689,0.122070,0.122070,-0.244141,-2.143991,-8.633566,-71.933763
11.376219,0.891416,0.648195,9.842416,0.000000,-0.122070,-0.122070,-3.311999,-10.247723,-73.082170
11.396164,0.891416,0.623351,9.815221,-0.122070,0.061035,0.000000,-1.676788,-9.094753,-73.311852
11.416127,0.884612,0.600766,9.812955,-0.183105,0.000000,-0.122070,-2.611194,-9.094753,-71.474400
11.435968,0.900489,0.607541,9.846949,-0.061035,0.000000,-0.061035,-0.975984,-10.247723,-74.000896
11.455957,0.907294,0.584956,9.810689,-0.122070,-0.244141,0.122070,-1.209585,-8.172378,-71.933763
11.476322,0.861929,0.618834,9.815221,-0.122070,0.000000,-0.244141,-1.443187,-9.786535,-73.541533
11.496781,0.918635,0.625609,9.824286,-0.122070,0.122070,0.000000,-1.443187,-10.247723,-70.785355
11.516459,0.884612,0.609800,9.849215,0.000000,-0.061035,-0.061035,-3.311999,-10.708911,-71.704081
11.536899,0.877807,0.607541,9.819754,-0.061035,0.061035,-0.305176,-2.844796,-8.402972,-72.622807
11.557152,0.891416,0.598507,9.763097,0.061035,-0.122070,-0.122070,-2.611194,-10.478317,-74.230578
11.577497,0.864197,0.632385,9.783493,-0.122070,-0.244141,0.000000,-1.676788,-9.094753,-71.474400
11.597412,0.918635,0.621092,9.801624,-0.061035,-0.061035,-0.122070,-2.844796,-8.864160,-70.325992
11.617624,0.889148,0.636902,9.844683,0.000000,0.061035,-0.244141,-0.742382,-9.555941,-72.852489
11.638361,0.882343,0.616575,9.751766,-0.183105,-0.061035,-0.183105,-1.443187,-9.786535,-71.244718
11.658086,0.861929,0.648195,9.837884,0.000000,0.122070,-0.122070,-1.910390,-9.325347,-74.919622
11.678162,0.875539,0.598507,9.842416,0.000000,-0.061035,-0.061035,-1.676788,-10.478317,-72.393126
11.698420,0.934513,0.627868,9.776695,-0.061035,-0.061035,-0.061035,-2.844796,-10.708911,-73.082170
11.718481,0.868734,0.614317,9.849215,0.061035,-0.061035,-0.183105,-2.844796,-9.786535,-72.622807
11.738219,0.873270,0.634643,9.844683,-0.122070,-0.061035,-0.061035,-1.910390,-9.786535,-74.000896
11.758289,0.886880,0.621092,9.763097,0.122070,-0.244141,0.122070,-2.377593,-7.480596,-73.541533
11.778415,0.864197,0.587215,9.806156,-0.122070,-0.183105,-0.183105,-2.844796,-8.402972,-74.460259
11.798453,0.907294,0.623351,9.778961,0.000000,-0.122070,-0.122070,-0.975984,-9.786535,-71.704081
11.817927,0.875539,0.636902,9.765363,-0.244141,-0.061035,-0.122070,-3.779202,-9.786535,-73.082170
11.837414,0.889148,0.609800,9.754032,0.061035,-0.122070,-0.183105,-3.311999,-9.786535,-73.082170
11.857297,0.918635,0.630126,9.765363,-0.183105,-0.122070,-0.183105,-1.676788,-9.555941,-71.933763
11.877191,0.898221,0.609800,9.835618,-0.122070,-0.061035,-0.061035,-1.443187,-10.708911,-71.244718
11.896846,0.891416,0.607541,9.826553,-0.244141,0.000000,-0.061035,-2.844796,-9.325347,-72.163444
11.916946,0.850588,0.587215,9.867345,-0.122070,0.122070,-0.244141,-2.611194,-10.017129,-73.771215
11.936757,0.884612,0.584956,9.815221,-0.061035,0.061035,-0.183105,-2.844796,-9.325347,-73.082170
11.956195,0.891416,0.593990,9.835618,-0.061035,-0.244141,-0.305176,-1.209585,-11.400692,-71.474400
11.976655,0.918635,0.607541,9.810689,-0.061035,0.000000,0.000000,-1.910390,-8.864160,-72.622807
11.996627,0.848320,0.571405,9.867345,-0.122070,-0.061035,-0.183105,-1.443187,-10.247723,-73.541533
12.016299,0.884612,0.593990,9.794825,-0.122070,0.061035,-0.122070,-1.676788,-8.172378,-73.311852
12.036563,0.884612,0.621092,9.853748,-0.122070,-0.122070,-0.061035,-1.910390,-8.402972,-72.622807
12.057102,0.832442,0.593990,9.806156,-0.061035,0.122070,0.000000,-3.078397,-8.633566,-71.474400
12.077297,0.846052,0.634643,9.840150,0.061035,0.122070,-0.122070,-1.676788,-9.555941,-72.393126
12.097297,0.848320,0.598507,9.880943,0.000000,-0.061035,-0.061035,-3.779202,-9.786535,-72.163444
12.116631,0.893685,0.596249,9.803890,-0.122070,0.061035,0.122070,-3.545601,-9.094753,-74.230578
12.137165,0.871002,0.641419,9.808422,-0.122070,-0.061035,-0.183105,-4.012804,-9.094753,-71.474400
12.157304,0.839247,0.603024,9.858280,-0.061035,0.000000,-0.183105,-2.611194,-9.094753,-74.230578
12.177316,0.859661,0.614317,9.812955,-0.061035,-0.061035,-0.183105,-1.443187,-8.864160,-74.919622
12.197200,0.875539,0.564629,9.767630,-0.122070,-0.061035,-0.305176,-2.143991,-7.711190,-73.311852
12.217684,0.877807,0.636902,9.788026,-0.305176,0.000000,-0.061035,-0.275179,-9.094753,-74.689941
12.237680,0.875539,0.609800,9.837884,-0.183105,0.122070,0.061035,-2.143991,-10.478317,-72.852489
12.258368,0.875539,0.566888,9.819754,-0.061035,-0.061035,-0.122070,-2.143991,-9.094753,-72.393126
12.278832,0.864197,0.584956,9.837884,0.061035,0.000000,-0.122070,-2.143991,-8.172378,-72.852489
12.299044,0.880075,0.607541,9.826553,0.000000,-0.061035,-0.122070,-0.742382,-10.939505,-71.933763
12.318947,0.889148,0.618834,9.754032,0.000000,-0.061035,-0.183105,-1.910390,-8.402972,-73.082170
12.338764,0.909562,0.614317,9.824286,-0.061035,-0.061035,0.061035,-3.078397,-7.711190,-72.852489
12.359095,0.889148,0.621092,9.758564,-0.122070,0.061035,-0.122070,-0.742382,-9.094753,-72.393126
12.378719,0.877807,0.603024,9.806156,-0.122070,0.061035,-0.244141,-0.742382,-9.555941,-73.311852
12.399006,0.907294,0.603024,9.763097,0.061035,0.122070,-0.122070,-2.844796,-10.247723,-72.622807
12.418254,0.880075,0.587215,9.817487,-0.122070,-0.122070,-0.183105,-4.947210,-7.250002,-71.015037
12.438482,0.868734,0.607541,9.760831,0.000000,0.061035,0.061035,-2.377593,-9.325347,-72.622807
12.458481,0.871002,0.616575,9.808422,0.061035,-0.183105,-0.122070,-1.209585,-9.555941,-74.230578
12.478836,0.905026,0.600766,9.772162,-0.061035,0.183105,-0.366211,-3.311999,-8.864160,-74.000896
12.499060,0.855125,0.603024,9.720038,-0.061035,0.061035,0.000000,-2.377593,-10.247723,-73.082170
12.518553,0.873270,0.636902,9.815221,0.000000,-0.061035,0.000000,-2.611194,-10.478317,-72.393126
12.538483,0.861929,0.593990,9.828819,-0.122070,-0.061035,-0.061035,-2.143991,-10.478317,-74.230578
12.558871,0.891416,0.618834,9.801624,0.000000,0.061035,-0.061035,-3.311999,-9.325347,-71.244718
12.579070,0.859661,0.603024,9.792559,0.061035,0.000000,-0.183105,-2.377593,-8.864160,-74.460259
12.599511,0.877807,0.600766,9.831085,0.122070,0.061035,-0.061035,-0.041578,-8.864160,-71.704081
12.619465,0.927708,0.600766,9.801624,0.000000,0.000000,-0.122070,-1.443187,-10.247723,-74.000896
12.639995,0.891416,0.578181,9.819754,-0.061035,0.183105,-0.183105,-1.209585,-10.017129,-74.230578
12.659846,0.895953,0.627868,9.869612,-0.366211,0.000000,-0.061035,-1.209585,-7.711190,-71.474400
12.680212,0.864197,0.589473,9.803890,-0.183105,-0.061035,-0.122070,-1.676788,-8.633566,-71.015037
12.700105,0.886880,0.593990,9.785760,-0.122070,0.061035,0.000000,-0.508781,-9.325347,-71.244718
12.720113,0.864197,0.584956,9.828819,-0.061035,0.061035,0.122070,-3.545601,-9.094753,-74.689941
12.739896,0.898221,0.641419,9.815221,0.000000,0.061035,-0.244141,-2.611194,-10.478317,-72.393126
12.760390,0.902757,0.603024,9.797091,-0.122070,0.000000,-0.305176,-2.143991,-9.094753,-72.393126
12.780694,0.886880,0.605283,9.831085,-0.183105,-0.183105,-0.305176,-3.311999,-9.325347,-73.541533
12.801189,0.852856,0.612058,9.772162,-0.122070,0.000000,-0.244141,-3.078397,-9.094753,-73.311852
12.821356,0.886880,0.591732,9.806156,-0.061035,-0.122070,0.122070,-0.275179,-9.555941,-72.852489
12.841254,0.866466,0.630126,9.817487,0.061035,0.000000,-0.061035,-1.676788,-7.711190,-72.852489
12.861298,0.875539,0.589473,9.772162,-0.183105,-0.061035,-0.061035,-2.143991,-9.555941,-71.933763
12.881298,0.868734,0.607541,9.797091,-0.122070,0.122070,-0.061035,-0.742382,-10.478317,-74.230578
12.901161,0.857393,0.596249,9.767630,0.000000,-0.061035,0.122070,-1.443187,-10.247723,-72.163444
12.921384,0.905026,0.609800,9.785760,-0.061035,0.000000,-0.305176,-1.209585,-10.017129,-71.474400
12.941226,0.871002,0.612058,9.799357,0.061035,0.000000,-0.061035,-2.377593,-9.325347,-73.082170
12.960774,0.866466,0.636902,9.833351,-0.061035,0.000000,-0.061035,-2.611194,-8.633566,-72.852489
12.980084,0.909562,0.616575,9.799357,0.000000,-0.061035,0.122070,-2.611194,-9.555941,-73.771215
12.999795,0.895953,0.607541,9.769896,0.000000,0.000000,-0.122070,-3.545601,-10.017129,-74.230578
13.019812,0.857393,0.596249,9.846949,-0.061035,-0.061035,-0.244141,-1.910390,-10.708911,-73.541533
13.040239,0.877807,0.600766,9.826553,0.000000,0.061035,0.183105,-3.779202,-10.708911,-71.704081
13.060099,0.877807,0.645936,9.812955,-0.122070,-0.061035,-0.122070,-4.012804,-9.094753,-74.230578
13.080039,0.846052,0.591732,9.844683,-0.183105,0.061035,-0.183105,-1.209585,-9.094753,-72.393126
13.099849,0.902757,0.589473,9.781227,-0.061035,0.000000,-0.061035,-1.910390,-8.864160,-74.460259
13.120223,0.877807,0.630126,9.817487,0.000000,0.122070,0.000000,-2.377593,-8.402972,-72.163444
13.140099,0.875539,0.621092,9.865079,-0.122070,-0.122070,0.000000,-1.910390,-8.864160,-72.622807
13.160065,0.839247,0.652712,9.835618,0.000000,-0.061035,-0.366211,-2.143991,-10.939505,-70.555674
13.179803,0.902757,0.605283,9.826553,0.000000,0.122070,-0.122070,-1.910390,-8.864160,-73.082170
13.200404,0.891416,0.564629,9.846949,-0.061035,0.000000,-0.122070,-1.443187,-10.247723,-72.622807
13.220825,0.893685,0.603024,9.837884,-0.061035,0.000000,-0.122070,-2.377593,-9.325347,-73.541533
13.241094,0.893685,0.614317,9.781227,-0.122070,0.122070,-0.122070,-2.844796,-8.402972,-73.082170
13.260974,0.871002,0.603024,9.801624,-0.122070,-0.244141,-0.061035,-0.975984,-8.402972,-72.622807
13.280916,0.907294,0.587215,9.822020,-0.122070,0.061035,0.000000,-2.611194,-6.788814,-71.933763
13.300929,0.877807,0.587215,9.801624,-0.183105,-0.061035,-0.122070,-1.676788,-9.094753,-72.852489
13.321117,0.918635,0.618834,9.794825,0.000000,-0.061035,0.061035,-1.676788,-8.633566,-72.852489
